{"cameraMode":{"drawMode":0,"name":"Shaded","section":"Shading Mode"},"sceneLighting":false,"audioPlay":false,"sceneViewState":{"showFog":true,"showMaterialUpdate":false,"showSkybox":false,"showFlares":true,"showImageEffects":true,"showParticleSystems":true},"in2DMode":false,"pivot":{"x":-0.3752999007701874,"y":4.6566128730773929e-9,"z":5.800000190734863},"rotation":{"x":0.4756312668323517,"y":-0.5160961151123047,"z":0.4354080557823181,"w":0.5637726783752441},"size":0.05715809762477875,"orthographic":false}