{"cameraMode":{"drawMode":0,"name":"Shaded","section":"Shading Mode"},"sceneLighting":false,"audioPlay":false,"sceneViewState":{"showFog":true,"showMaterialUpdate":false,"showSkybox":false,"showFlares":true,"showImageEffects":true,"showParticleSystems":true},"in2DMode":false,"pivot":{"x":0.039999961853027347,"y":-0.28000009059906008,"z":5.750329494476318},"rotation":{"x":0.4756312668323517,"y":-0.5160961151123047,"z":0.4354080557823181,"w":0.5637726783752441},"size":29.572723388671876,"orthographic":false}